Acct_Type_CD,acct_type_code,modified_prod,acct_prd,tl_category
0,0,OTHER,OTH,Unsecured
1,1,AUTO LOAN,AL,Secured
2,2,HOUSING LOAN,HL,Secured
3,3,PROPERTY LOAN,LAP,Secured
4,4,LOAN AGAINST SHARES/SECURITIES,LAS,Secured
5,5,PERSONAL LOAN,PL,Unsecured
6,6,CONSUMER LOAN,Cons_Ln,Unsecured
7,7,GOLD LOAN,GL,Secured
8,8,EDUCATION LOAN,Edu_Ln,Unsecured
9,9,LOAN TO PROFESSIONAL,Other,Unsecured
10,10,CREDIT CARD,CC,Unsecured
11,11,LEASING,Other,Secured
12,12,OVERDRAFT,OD,Unsecured
13,13,TWO-WHEELER LOAN,TWL,Secured
14,14,NFCF,Other,Secured
15,15,LOAN AGAINST BANK DEPOSITS,BL_Gen,Secured
16,16,FLEET CARD,Other,Unsecured
17,17,COMMERCIAL VEHICLE LOAN,CV,Sec_Oth
18,18,TELCO - WIRELESS,Telco,nan
19,19,TELCO - BROADBAND,Telco,nan
20,20,TELCO - LANDLINE,Telco,nan
31,31,SECURED CREDIT CARD,nan,Secured
32,32,USED CAR LOAN,AL,Secured
33,33,CONSTRUCTION EQUIPMENT LOAN,CE,Sec_Oth
34,34,TRACTOR LOAN,TRL,Secured
35,35,CORPORATE CREDIT CARD,nan,Unsecured
36,36,KISAN CREDIT CARD,nan,Unsecured
37,37,LOAN ON CREDIT CARD,nan,Unsecured
38,38,PRIME MINISTER JAAN DHAN YOJANA - OVERDRAFT,nan,Unsecured
39,39,MUDRA LOANS - SHISHU / KISHOR / TARUN,nan,Unsecured
40,40,MICROFINANCE - BUSINESS LOAN,Other,Secured
41,41,MICROFINANCE - PERSONAL LOAN,Other,Secured
42,42,MICROFINANCE - HOUSING LOAN,Other,Secured
43,43,MICROFINANCE - OTHER,Other,Secured
44,44,PRADHAN MANTRI AWAS YOJANA - CREDIT LINK SUBSIDY SCHEME MAY CLSS,nan,Secured
50,50,BUSINESS LOAN - SECURED,nan,Secured
51,51,BUSINESS LOAN - GENERAL,BL_Gen,Secured
52,52,BLPS-SB,BL_PSL,Secured
53,53,BLPS-AGR,BL_PSL,Secured
54,54,BLPS-OTH,BL_PSL,Secured
55,55,BNFCF-GEN,BL_Gen,Secured
56,56,BNFCF-PS-SB,BL_PSL,Secured
57,57,BNFCF-PS-AGR,BL_PSL,Secured
58,58,BNFCF-PS-OTH,BL_PSL,Secured
59,59,BLABD,BL_Gen,Secured
61,61,BUSINESS LOAN - UNSECURED,nan,Unsecured
80,80,MICROFINANCE DETAILED REPORT,Other,nan
81,81,SUMMARY REPORT (APPLICABLE TO ENQUIRY PURPOSE ONLY),Summary,nan
88,88,LOCATE PLUS FOR INSURANCE (APPLICABLE TO ENQUIRY PURPOSE ONLY),nan,nan
90,90,ACCOUNT REVIEW (APPLICABLE TO ENQUIRY PURPOSE ONLY),Acct_Revw,nan
91,91,RETRO ENQUIRY (APPLICABLE TO ENQUIRY PURPOSE ONLY),Retro,nan
92,92,LOCATE PLUS (APPLICABLE TO ENQUIRY PURPOSE ONLY),Locate_plus,nan
93,93,FOR INDIVIDUAL (APPLICABLE TO ENQUIRY PURPOSE ONLY),For_Individual,nan
94,94,MANUAL DISCLOSURE REPORT (APPLICABLE TO ENQUIRY PURPOSE ONLY),Man_Disc,nan
95,95,CONSUMER DISCLOSURE REPORT (APPLICABLE TO ENQUIRY PURPOSE,Cons_Disc,nan
96,96,CRS REQUEST (APPLICABLE TO ENQUIRY PURPOSE ONLY),CRS,nan
97,97,ADVISER LIABILITY (APPLICABLE TO ENQUIRY PURPOSE ONLY),nan,nan
98,98,Secured,Other,nan
99,99,UNSECURED,Other,nan
